{
    "bounds": {
        "min_lat": 45.49688550990991,
        "max_lat": 45.677065690090096,
        "min_lon": -73.68964297650022,
        "max_lon": -73.43217862349978
    },
    "dimensions": {
        "width": 500,
        "height": 500
    }
}