{
    "bounds": {
        "min_lat": 45.398944109909905,
        "max_lat": 45.57912429009009,
        "min_lon": -73.71629994487925,
        "max_lon": -73.45928365512076
    },
    "dimensions": {
        "width": 500,
        "height": 500
    }
}