{
    "bounds": {
        "min_lat": 45.49019790990991,
        "max_lat": 45.6703780900901,
        "min_lon": -73.67321604243806,
        "max_lon": -73.41578235756195
    },
    "dimensions": {
        "width": 500,
        "height": 500
    }
}